,Product Name,Prices,Decription
,,,
1,New ListingApple iPhone 15 Plus - 128 GB - Black - T-Mobile READ DESCRIPTION,$350.00,+$29.70 shipping
2,"2024 New Mini Flip Mobile Phone 2 SIM Cards Small Display Foldable Cell Phone,",$19.53 to $19.61,Free International Shipping
3,Apple iPhone 13 - 128 GB - Black (T-Mobile) Excellent Condition,$196.50,+$26.58 shipping
4,For i16Pro Mini Unlocked Flip Mobile Phone 2 SIM Card Small Display Foldable New,$35.09 to $38.99,+$29.70 shipping
6,NEW CAT S22 T-Mobile Unlocked 4G LTE Rugged Touch Screen 16GB Android Flip Phone,$65.00,+$37.79 shipping
7,Apple iPhone 13 - 128 GB - Black (T-Mobile) Excellent Condition,$260.00,Free International Shipping
8,üî• Samsung Galaxy S24 5G üî• 128GB Unlocked / T-mobile Flawless Open Box,$435.00 to $445.00,+$44.94 shipping
9,Apple iPhone 5c - 8GB 16GB 32GB Unlocked 4G Mobile phone FULL Working Sealed box,$37.00 to $43.00,Free International Shipping
10,New ListingGoogle Pixel 7 Pro - 128 GB - Black & Pixel Watch Brand New..mint Mobile Phone,$154.50,+$30.55 shipping
11,„ÄêLowest price online„ÄëApple iPhone 11 64G/128G- 6.1-inch screen-A13 processor,$119.69 to $269.79,+$26.43 shipping
12,"New CAT S62 T-Mobile GSM Unlocked 4G 128GB 5.7"" Rugged Android Smartphone in Box",$174.99,+$33.21 shipping
13,Wingtech Revvl 6 5G TMAF025G T-Mobile Unlocked 64GB Blue Good,$59.99,+$31.88 shipping
14,NEW Samsung Galaxy S10+ Plus G975U 128GB Unlocked GSM+CDMA AT&T T-Mobile Verizon,$264.88,+$30.85 shipping
15,NEW Samsung Galaxy S10 SM-G973U 128GB Unlocked (GSM+CDMA) AT&T T-Mobile Verizon,$219.88,+$80.11 shipping
16,NEW Samsung Galaxy S9 G960U 64GB GSM Unlocked AT&T T-Mobile MetroPCS Verizon,$184.88,+$70.20 shipping
17,NEW Samsung Galaxy S8+ Plus G955U 64GB (Unlocked GSM+CDMA) AT&T T-Mobile Verizon,$189.88,+$30.86 shipping
18,USED Apple iPhone 8 64GB Factory Unlocked Verizon AT&T T-Mobile Sprint read all,$53.00,+$31.48 shipping
19,Google Pixel 7 - 7 Pro - 128/256 GB - Unlocked/T-Mobile/AT&T/Verizon - Good,$199.99 to $279.99,+$27.29 shipping
20,New Listing2x Vortex Mobile ZG55 Black 32GB 3GB RAM CARRIER UNLOCK SIM Smartphone! NEW!!,$36.99,Free International Shipping
21,"Motorola Moto G Stylus 4G 2023 XT2317-4 128GB, Unlocked ATT, Tmobile, Verizon",$89.00,+$28.79 shipping
22,„ÄêLowest Price Online„ÄëApple iPhone XSMax 64G/128G- 6.5-inch screen-Bigger screen,$105.69 to $269.79,+$34.24 shipping
23,Google Pixel 6 | 6a | 6 Pro - 128GB 256GB 512GB - Unlocked Verizon T-Mobile AT&T,$139.95 to $229.95,Free International Shipping
24,OnePlus 10T 5G 128GB Moonstone Black  T-Mobile Unlocked Smartphone - Brand New.,$299.99,+$36.89 shipping
25,NERV Evangelion Limited Mobile Phone SHARP SH-06A FLIP Phone 2009 Japan USED,$140.00,Free International Shipping
26,Google Pixel 6 - 128 GB - Sorta Seafoam (T-Mobile),$159.50,+$31.45 shipping
27,BlackBerry Classic Q20 SQC100-1 Unlocked Mobile Phone White BlackBerry Q20,$99.99,+$30.27 shipping
28,"Samsung Galaxy A54 5G 128GB SM-A546 50 MP (SIM+eSIM) T-Mobile, AT&, Unlocked",$174.99 to $229.99,+$31.50 shipping
29,OnePlus 10T 5G CPH2419 T-Mobile Unlocked 128GB Black Very Good,$189.99,+$31.88 shipping
30,NEW Samsung Galaxy S20 FE 5G SM-G781U 128GB Fully Unlocked GSM+CDMA All Carriers,$206.88,+$30.56 shipping
31,NEW Samsung Galaxy Note 8 SM-N950U 64GB GSM Unlocked AT&T T-Mobile Verizon Metro,$219.88,Free International Shipping
32,NEW Boxed Samsung Galaxy A71 5G A716U 128GB Prism Black Unlocked AT&T T-Mobile,$199.88,Free International Shipping
33,"2023 Reno10 Pro+ Smartphone 5.5"" 16GB+1TB Android Factory Unlocked Mobile Phone",$73.99,+$32.43 shipping
34,„ÄêLowest Price Online„ÄëApple iPhone12 64G/128G- 6.1-inch screen-Better performance,$149.69 to $374.59,Free International Shipping
35,Samsung Galaxy S23 FE Metro by T-Mobile. NR $1,$238.50,Free International Shipping
36,Working Apple iPhone 6/6 plus/6s/6s plus 16/32/64/128GB Fully UNLOCKED 4 colours,$39.98 to $91.99,+$48.20 shipping
37,NEW Samsung Galaxy S20+ PLUS 5G G986U Factory Unlocked 128GB/256GB All Colors,$214.68 to $234.63,Free International Shipping
38,New ListingApple iPhone 15 Pro - 128GB - Blue Titanium (T-Mobile)- Brand New,$530.00,+$28.64 shipping
39,Fujitsu arrows F-03L Docomo SIM unlocked Silver ANDROID mobile phone,$78.00,+$29.09 shipping
40,"Samsung Galaxy A23 5G Black 64GB 6.6"" Unlocked/AT&T /T-Mobile/Verizon - Open Box",$99.00 to $115.00,+$27.61 shipping
41,UMIDIGI F3 PRO 5G 6GB+128GB Android Unlocked Mobile Phones Network Smartphone,$150.05,+$11.90 shipping
42,Samsung Galaxy S10 SM-G973U T-Mobile Only 128GB Prism Black Good,$99.99,+$37.39 shipping
43,NTT Docomo N-02C Mobile Pink Japan Flip Phone Garakei Keitai Cell Phone,$37.99,+$3.99 shipping
44,Motorola Moto G Stylus - 128GB - Mystic Indigo (Unlocked),$115.00,+$27.17 shipping
45,Unlocked Original Nokia 3310 Classic Mobile Phone Only 2G GSM 900/1800 Mini-SIM ,$23.25,+$19.07 shipping
46,New ListingBrand New Samsung Galaxy A14 5G 64g Tmobile T-mobile Smartphone SEALED,$85.00,+$28.73 shipping
47,Samsung Galaxy A03s SM-A037U 32GB / 64GB Unlocked T-Mobile AT&T Verizon MetroPCS,$59.99 to $79.99,+$3.00 shipping
48,"OnePlus 9 5G 128GB LE2117 T-Mobile/Unlocked Smartphone, Very Good",$137.94,+$60.20 shipping
49,Sony Xperia XZ Premium G8141 G8142 64GB+4GB Unlocked Smartphone-New Never Opened,$119.00 to $124.00,+$9.99 shipping
50,New ListingApple iPhone 13 Pro Max - 512 GB - Blue (T-Mobile) (Single SIM),$325.00,+$30.41 shipping
51,"Unlocked 6.8"" New Android Smartphone 6800mAh Dual Sim Mobile Phone 64GB",$95.00,+$30.86 shipping
52,"New CAT S62 T-Mobile 4G 128GB 5.7"" Rugged Android Smartphone New in Retail Box",$169.99,+$28.55 shipping
53,Motorola Razr 5G XT2071-5 T-Mobile Unlocked 256GB Black Good,$209.99,+$32.33 shipping
54,Latest T-MOBILE  Samsung Galaxy A15 5G 128GB SM-A156U Blue Black Open Box,$131.90,+$30.86 shipping
55,"Vortex  HD65 Ultra, Black (Unlocked) Smartphone New",$35.00,+$25.69 shipping
56,Google Pixel 6 | 6a | 6 Pro - 128 GB (Unlocked) T-Mobile AT&T Verizon,$154.95 to $229.95,+$28.49 shipping
57,New T-Mobile Vortex HD65 Choice 32GB Dark Blue Clean,$34.99,+$32.92 shipping
58,Samsung Galaxy S10 S10e S10+ Plus 128GB 512GB Unlocked Verizon T-Mobile AT&T ,$99.85 to $249.85,Free International Shipping
59,Google Pixel 7 - 7 Pro - 128/256 GB - Unlocked/T-Mobile/AT&T/Verizon - PRISTINE,$279.99 to $349.99,+$35.58 shipping
60,Apple iPhone SE 1st gen(2016)16/32/64/128GB Fully UNLOCKED Gray/Silver/Gold/Pink,$65.99 to $115.99,+$26.14 shipping
61,Apple iPhone 14 A2649 T-Mobile Only 128GB Midnight Good,$369.99,+$27.17 shipping
62,Cat S22 Flip CAT22 T-Mobile Unlocked 16GB Black Very Good,$49.99,+$26.73 shipping
63,TCL Stylus 5G T779W T-Mobile Unlocked 128GB Black Good,$84.99,+$44.18 shipping
64,OnePlus NordN105G BE2028 T-Mobile Unlocked 128GB Black Good,$69.99,+$31.82 shipping
65,Apple iPhone 15 128GB Factory Unlocked AT&T T-Mobile Verizon Excellent Condition,$636.95,Free International Shipping
66,Apple iPhone 12 mini 64GB Unlocked AT&T T-Mobile Verizon Very Good Condition,$217.95,+$27.92 shipping
67,Original Motorola Mobile Phone Startac 338c Color ,$169.00,Free International Shipping
68,Apple iPhone 13 - 128GB | 256GB - Unlocked AT&T Verizon T-Mobile Cricket Metro,$359.95,+$34.40 shipping
69,NEW SEALED Samsung Galaxy S20+ Plus 5G G986U 128GB/256GB Fully Unlocked GSM+CDM,$225.98 to $249.00,+$18.16 shipping
70,Apple iPhone 13 - 128GB | 256GB (Unlocked) AT&T Verizon T-mobile - All Colors,$329.95,+$18.77 shipping
71,Motorola T-Mobile Sidekick Slide (Q700) 12MB - Red QWERTY Cell Phone New,$29.25,+$29.68 shipping
72,Apple iPhone SE 1st Gen 16GB 32GB 64GB 128GB GSM Unlocked AT&T T-Mobile Cricket,$49.95 to $99.95,+$28.64 shipping
73,Google Pixel 6 | 6a | 6 Pro - 128 GB (Unlocked) AT&T Metro T-Mobile Verizon,$154.95 to $229.95,Free International Shipping
74,Samsung Galaxy S10 | S10 Plus | S10e - 128GB | 512GB - (Unlocked) - Excellent,$134.95,+$27.17 shipping
75,Shop on eBay,$20.00,Free International Shipping
76,Shop on eBay,$20.00,+$27.32 shipping
77,99%N ew Apple iPhone 6/6 Plus/6s/6s Plus 16/32/64/128GB Fully UNLOCKED 4 Colours,$58.99 to $134.99,+$32.83 shipping
78,Apple iPhone 6S - 16GB 32GB 64GB 128GB - Unlocked Verizon AT&T T-Mobile - Good!,$54.95 to $104.95,+$34.40 shipping
79,ORIGINAL POVO 6 PRO SMARTPHONE 5G S UNLOCKED,$75.00,+$18.16 shipping
80,UMIDIGI A11 Android 128GB Smartphone Factory Unlocked Dual SIM Mobile Phones,$120.00,+$18.77 shipping
81,"NUU Mobile A6L 5.0"" Single SIM 4G LTE GSM Android",$89.99,+$27.28 shipping
82,Apple iPhone 13 - 128GB | 256GB (Unlocked) AT&T Verizon T-mobile - All Colors,$19.00,Free International Shipping
83,Motorola T-Mobile Sidekick Slide (Q700) 12MB - Red QWERTY Cell Phone New,$329.95,+$38.43 shipping
84,Apple iPhone SE 1st Gen 16GB 32GB 64GB 128GB GSM Unlocked AT&T T-Mobile Cricket,$29.25,+$32.92 shipping
85,2024 Factory Unlocked Android Cheap Cell Phone Smartphone Dual SIM USA Quad Core,$49.95 to $99.95,+$21.87 shipping
86,Ulefone Armor 26 Ultra 5G Rugged Mobile Android Smartphone DMR UHF VHF Radio PTT,$63.99,+$20.69 shipping
87,T Mobile Revvl 7 5G 2024+ 128GB+ Arctic Gray+ 6.58 FHD + Metro & T Mobile,$565.11 to $605.15,+$23.49 shipping
88,Samsung Galaxy S22 S22+ S22 Ultra 5G - 128GB - Unlocked Verizon T-Mobile AT&T,$184.99,+$23.79 shipping
89,"Samsung Galaxy A15 5G - 128GB (GSM UNLOCKED) 6GB RAM Dual Sim 6.5""",$249.95 to $399.95,+$29.42 shipping
90,Samsung Galaxy A32 5G - 64GB - (Unlocked) Verizon AT&T T-Mobile Metro Cricket,$154.99,Free International Shipping
91,Samsung Galaxy S21 | S21+ Plus 5G - 128GB 256GB - Unlocked Verizon T-Mobile AT&T,$79.95 to $114.95,+$75.18 shipping
92,Samsung Galaxy S21 S21+ S21 Ultra 5G 128GB 256GB Unlocked Verizon T-Mobile AT&T,$179.95 to $299.95,Free International Shipping
93,PHONE 2024 Android Cheap Cell Phone Unlocked Smartphone Dual SIM Quad Core 16GB,$179.95 to $299.95,+$35.58 shipping
94,Lenovo smartphone windows 10 mobile 503LV sim-free unlocked japan,$59.99,+$35.57 shipping
95,ITELCO IDOL (TIM) Smartphone WINDOWS Mobile International Black,$211.00,Free International Shipping
96,"2023 Reno10 Pro+ Smartphone 7.3"" 16GB+1TB Android Factory Unlocked Mobile Phone~",$69.99,+$30.83 shipping
97,Apple iPhone 14 A2649 T-Mobile Only 128GB Starlight Good,$7.99 to $122.65,+$28.50 shipping
98,Apple iPhone 13 mini 128GB Factory Unlocked AT&T T-Mobile Verizon Very Good,$369.99,+$34.24 shipping
99,New Sealed--BlackBerry Classic Q20 16GB+2GB RAM Unlocked LTE Qwerty Keyboard,$344.95,+$72.02 shipping
100,Palm Phone PVG100 - TITANIUM -  VERIZON UNLOCKED - 32GB (BRAND NEW),$113.99,+$30.38 shipping
101,Apple iPhone XR 64GB Black (T-Mobile) - Very Good,$119.99,+$32.61 shipping
102,Motorola Edge 40 5G XT2303-2 256GB 8GB RAM Factory Unlocked Smartphone New,$129.99,Free International Shipping
103,Apple iPhone SE 3rd Gen 2022 64GB Unlocked AT&T Verizon T-Mobile A2595 EXCELLENT,$299.95,+$32.04 shipping
104,Motorola Moto g stylus 5G - 2023 - 128GB - 6GB RAM (New Unlocked) Cosmic Black,$205.00,Free International Shipping
105,NEW UNLOCKED SAMSUNG GALAXY NOTE 20 5G SM-N981U 128GB ALL COLORS/MEMORY GSM+CDMA,$169.00,+$37.40 shipping
106,For i16Pro Mini Unlocked Flip Mobile Phone 2 SIM Card Small Display Foldable New,$244.49,+$26.63 shipping
107,Samsung Galaxy S21 S21+ S21 Ultra 5G - 128GB - Unlocked Verizon T-Mobile AT&T,$38.59,+$30.86 shipping
108,"S23 Ultra 6.8"" 8GB+256GB Smartphone Android 12 Unlocked 5G LTE Mobile Phones New",$179.95 to $249.95,+$29.09 shipping
109,Apple iPhone 11 64GB White LTE Cellular Boost Mobile üÜï,$119.99,+$29.82 shipping
110,"üî•NEWüî• AT&T Motorola Moto G Play (2023) Blue Prepaid Smartphone 6.5"" HD+ 32GB",$194.99,+$27.75 shipping
111,Unihertz Jelly Star Smartphone Android 13 8GB+256GB Unlocked With LED Light NFC,$41.99,+$27.17 shipping
112,Motorola Edge 2022 256GB XT2205-1 5G Factory Unlocked - Excellent,$209.99,+$29.68 shipping
113,Motorola Moto G Stylus 5G  2024 - 128GB - Caramel Latte (Cricket Wireless),$149.99,+$25.64 shipping
114,LG- K30 32GB (Metro by T-mobile)Unlocked Smartphone-NEW !!!,$150.00,+$25.84 shipping
115,Samsung Galaxy A13 5G SM-A136U Black 64GB Unlocked | AT&T | T-Mobile - VERY GOOD,$79.99,+$29.28 shipping
116,Samsung Galaxy S8 | S8+ Plus 64GB Unlocked Verizon T-Mobile AT&T Metro Sprint,$79.00 to $95.00,+$29.38 shipping
117,Cell Phone N509 2G Flip Phone 2.4 Inch Screen Dual SIM For Travel Unlocked New,$84.95 to $169.95,+$27.60 shipping
118,COOLPAD Belleza 3321 CP3321AT T-MOBILE GSM Unlocked 8GB 4G LTE Flip Phone,$33.00,+$28.02 shipping
119,BLU Studio Mini- 4GB - Black (T-Mobile Compatible) Assurance Wireless Smartphone,$39.95,+$31.92 shipping
120,Unihertz Jelly 2E New Choice for a Mini Phone Android 12 4G Unlocked Smartphone,$30.00,+$32.04 shipping
121,"Boost Mobile Celero 2.0 5G, 6.5‚Äù HD+, 64GB, 16MP, Prepaid Smartphone - SEALED",$159.99,+$28.16 shipping
122,Apple iPhone 8 Factory Unlocked 64GB 128GB 256GB AT&T T-mobile Verizon,$74.95,+$27.91 shipping
123,"NEW Motorola Edge (2023) 256GB 5G FACTORY UNLOCKED 6.6"" Smartphone -",$113.99 to $163.99,+$29.79 shipping
124,Google Pixel 7a - 128GB - Unlocked/T-Mobile/AT&T/Verizon - GOOD,$246.00,+$11.90 shipping
125,"Walmart Family Mobile Samsung Galaxy A23 5G, 6.5"" HD+, 64GB, Prepaid - SEALED",$219.99 to $249.99,+$11.90 shipping
126,Motorola Moto G Power (2023) 128GB XT2311-4 5G Unlocked - Excellent,$93.70,+$27.17 shipping
127,Google Pixel 6a 5G 128GB Factory Unlocked -  Excellent,$109.99,+$26.28 shipping
128,New ListingKyocera Au Mobile Phone Gratina2 Japan Flip Phone Garakei Keitai Retro phone,$173.99,+$28.64 shipping
129,NTT Docomo P702Id Mobile Phone Pink Japan Flip Phone Garakei Keitai Cell Phone,$41.40,+$27.17 shipping
130,Motorola Moto G Stylus 5G XT2131-1 T-Mobile Unlocked 128GB Green Good,$86.56,+$30.11 shipping
131,ASHATA Retro Vintage Brick Mobile Phone Four Card Four Standby Quad Band 32GB...,$84.99,+$57.15 shipping
132,Motorola Moto G Stylus 2023 - Unlocked,$29.99,+$34.40 shipping
133,OnePlus Nord N20 5G GN2200 T-Mobile Unlocked 128GB Blue Good,$109.99,+$36.76 shipping
134,"Open Box Motorola Moto G84 XT-2347 256GB 8GB 6.5"" Unlocked",$84.99,+$26.99 shipping
135,Motorola Moto G 5G - Unlocked,$160.00,+$39.41 shipping
136,Apple iPhone 13 - 128GB | 256GB - Unlocked AT&T T-Mobile Verizon Metro Cricket,$99.99,+$29.00 shipping
137,New Apple iPhone 12 256GB A2172 Factory Unlocked All Mobile Carriers All Colors,$329.95,+$26.73 shipping
138,Apple iPhone 6S Factory Unlocked 16GB 32GB 64GB 128GB AT&T T-mobile Verizon,$409.99,+$27.88 shipping
139,New Apple iPhone 13 A2482 128GB Factory Unlocked All Mobile Carriers All Colors,$68.99 to $88.99,+$32.71 shipping
140,üî•New Palm Phone PVG100 Small GOLD FACTORY UNLOCKED 32GB Android GSM Smartphone,$499.99,+$26.25 shipping
141,Bullitt Mobile CAT S22 FLIP 16GB - Black - (T-Mobile) - New unlocked,$199.00,+$29.50 shipping
142,Samsung Galaxy A15 5G 128GB Black Cricket/AT&T/ T-Mobile/Dish/Unlocked - Grade A,$69.99,+$32.09 shipping
143,New OnePlus 10T 5G 128GB Moonstone Black T-Mobile Unlocked Smartphone,$109.00 to $145.00,+$32.44 shipping
144,"@Boost Mobile Prepaid Samsung Galaxy A03s (32GB) Smartphone, Black (Locked) üÜï",$247.99,+$30.21 shipping
145,Apple iPhone X 64GB 256GB Factory Unlocked SmartPhone AT&T T-mobile Verizon,$53.99,+$29.50 shipping
146,FOR SPECTRUM Motorola Razr+ Plus 40 Ultra XT2321 256GB Infinite Black - Good,$163.99,+$27.13 shipping
147,NEW Samsung Galaxy S21 5G SM-G991U 128/256GB Unlocked AT&T T-Mobile GSM+CDMA,$226.99,+$23.20 shipping
148,Apple iPhone 11 64GB Black (T-Mobile) - Good,$238.99 to $282.99,+$103.03 shipping
149,New/Sealed - Boost Mobile Apple iPhone SE 3rd Gen 2022 64GB A2595 Free Shipping!,$187.99,+$30.86 shipping
150,"Metro by T-Mobile TCL ION X, 32GB Black- Prepaid Smartphone Brand New Sealed*",$163.95,+$32.63 shipping
151,Samsung Galaxy S21 | S21+ Plus 5G - 128GB - (Unlocked) AT&T Verizon T-Mobile,$59.00,+$32.77 shipping
152,Motorola Moto G 5G 2024 XT241  128GB AT&T LOCKED AND NEW,$169.95 to $249.95,+$25.56 shipping
153,Shop on eBay,$80.00,+$65.74 shipping
154,Shop on eBay,$20.00,+$29.50 shipping
155,Apple iPhone 11 64GB | 128GB - Verizon GSM Unlocked AT&T T-Mobile Metro Cricket,$20.00,+$33.95 shipping
156,Apple iPhone 12 - 64GB | 128GB - A2172 - (Unlocked) Verizon T-Mobile AT&T Metro,$189.95 to $284.95,+$27.13 shipping
157,Google Pixel 7a - 128GB - Unlocked/T-Mobile/AT&T/Verizon - EXCELLENT,$229.95 to $329.95,+$34.01 shipping
158,Samsung Galaxy S22 | S22+ Plus 5G - 128GB 256GB - Unlocked Verizon T-Mobile AT&T,$229.99 to $274.99,+$1.99 shipping
159,Motorola Moto Q9h (International) Windows Mobile QWERTY Cell Phone,$249.95 to $409.95,+$56.38 shipping
160,New/Sealed - Boost Mobile Apple iPhone SE 3rd Gen 2022 64GB A2595 Free Shipping!,$24.99,+$28.64 shipping
161,Samsung Galaxy S23 FE 5G Graphite 128GB (T-Mobile) - Open Box,$163.95,+$44.80 shipping
162,"Metro by T-Mobile TCL ION X, 32GB Black- Prepaid Smartphone Brand New Sealed*",$315.00,+$23.20 shipping
163,Apple iPhone 11 Pro Max 64GB Unlocked AT&T T-Mobile Verizon Very Good Condition,$59.00,+$28.94 shipping
164,2024 New Mini Flip Mobile Phone 2 SIM Card Small Display Foldable Multi Language,$291.95,+$26.23 shipping
165,Brand NEW FACTORY Sealed Mint Mobile Samsung Galaxy A03s,$18.11 to $18.14,+$35.13 shipping
166,Motorola Moto G14 128GB 4GB RAM (XT2341) GSM Unlocked International Version (New,$74.00,+$32.47 shipping
167,LG V30 H932 64GB T-mobile Unlocked Silver FAIR,$109.99,+$26.42 shipping
168,Samsung Galaxy S21 S21+ S21 Ultra 5G - 128GB - Unlocked Verizon T-Mobile AT&T,$40.00,+$26.73 shipping
169,Samsung Galaxy S9 & S9+ Plus 64GB 128GB 256GB - Unlocked AT&T T-Mobile Verizon,$199.95 to $269.95,+$36.37 shipping
170,Apple iPhone 6 16GB 64GB 128GB Unlocked SmartPhone AT&T T-mobile Verizon Good,$129.94 to $159.94,+$31.44 shipping
171,HTC U23 Pro 256GB 12GB Dual SIM GSM Factory Unlocked International Version,$52.99,+$37.04 shipping
172,Apple iPhone 12 mini 128GB Unlocked AT&T T-Mobile Verizon Very Good Condition,$329.99,+$28.16 shipping
173,Cloud Mobile C7 True Connect Android Smart Phone NEW,$239.95,+$26.57 shipping
174,T-Mobile REVVL 4+ Plus 5062Z 64GB LTE T-Mobile GSM Unlocked Smartphone Open Box,$34.99,+$26.84 shipping
175,Apple iPhone 13 mini 128GB Factory Unlocked AT&T T-Mobile Verizon Excellent,$69.99,+$29.48 shipping
176,Apple iPhone 12 mini 64GB Factory Unlocked AT&T T-Mobile Verizon Good Condition,$371.95,+$31.27 shipping
177,Apple iPhone 12 Pro 512GB Unlocked AT&T T-Mobile Verizon Very Good Condition,$204.95,+$26.67 shipping
178,"Walmart Family Mobile Samsung Galaxy A23 5G, 6.5"" HD+, 64GB, Prepaid - SEALED",$394.95,+$24.53 shipping
179,"Open Box Motorola One 5G UW Ace XT-21131PP 64GB 6.7"" Verizon only",$93.70,+$32.04 shipping
180,"New & Sealed - Boost Mobile Motorola G Play 2023, 32GB Blue - Prepaid Smartphone",$40.00,Free International Shipping
181,Samsung Galaxy S21 5G SM-G991U - 128/256GB - All Carriers - Good,$48.95,+$31.00 shipping
182,Apple iPhone 12 Mini 64GB Unlocked Smartphone - Excellent,$163.19 to $185.46,+$32.44 shipping
183,New 4G T-mobile Android Cell Phone 6.6 in Unlocked Smartphone Dual SIM Quad Core,$223.95,+$28.61 shipping
184,Samsung Galaxy S20 S20+ S20 FE S20 Ultra 5G 128GB Unlocked Verizon T-Mobile AT&T,$67.97,+$44.12 shipping
185,Google Pixel 6 | 6a | 6 Pro 128 GB (Unlocked) AT&T T-Mobile Verizon - All Colors,$169.95 to $244.95,Free International Shipping
186,Apple iPhone 5 16GB/32GB/64GB Black/White Fully unlocked rare ios 6,$134.95 to $249.95,+$28.64 shipping
187,OnePlus 10T 5G CPH2419 T-Mobile Unlocked 128GB Black Good,$37.98 to $65.99,+$30.27 shipping
188,NEW Samsung Galaxy S21 5G SM-G991U 128/256GB Unlocked AT&T T-Mobile GSM+CDMA,$189.99,Free International Shipping
189,Apple iPhone 8 Plus 64GB 128GB 256GB Fully Unlocked AT&T T-mobile Verizon Good,$238.99 to $282.99,+$28.93 shipping
190,Asus Zenfone 10 5G AI2302 256GB 8GB Dual SIM Unlocked International Version,$133.99 to $174.99,+$33.06 shipping
191,Mini Small GSM 4G Mobile Smart Phone Dialer CellPhone Double SIM card ultrathin,$634.99,+$30.11 shipping
192,Google Pixel 4 | 4 XL | 4a  - 64GB | 128GB - (Unlocked) Verizon AT&T T-Mobile,$35.98,+$30.70 shipping
193,Google Pixel 6 | 6a | 6 Pro - 128GB - Unlocked Verizon AT&T T-Mobile Xfinity,$94.95 to $164.94,+$27.32 shipping
194,Working well Apple iPhone 6/6 Plus 16-32-64-128GB FACTORY UNLOCKED,$134.95 to $249.95,+$33.30 shipping
195,"Open Box Motorola Moto G54 5G XT2343 128GB 8GB 6.5"" Unlocked",$40.00 to $58.00,+$29.42 shipping
196,Apple iPhone 12 64GB Factory Unlocked AT&T T-Mobile Verizon Very Good Condition,$120.00,+$32.71 shipping
197,üí•NEWüí• Walmart Family Mobile Apple iPhone XR 64GB Black,$259.95,+$74.58 shipping
198,Motorola Moto g Power 5G 2024 (XT2415-1) 128GB (GSM Unlocked) - Midnight Blue,$159.99,+$26.11 shipping
199,Motorola One 5G UW Ace - 64GB Gray (Factory  Unlocked) NEW SEALED,$179.99,+$1.99 shipping
200,Apple iPhone 12 mini 256GB Unlocked AT&T T-Mobile Verizon Very Good Condition,$89.99,+$33.59 shipping
201,PHONE 2024 Android Cheap Cell Phone Unlocked Smartphone Dual SIM Quad Core 16GB,$267.95,+$31.79 shipping
202,Apple iPhone 11 Pro 64GB Unlocked AT&T T-Mobile Verizon Very Good Condition,$59.99,+$31.27 shipping
203, Unlocked Smartphone Global Mobile G700 (Unlocked) Worldwide - BLACK ,$247.95,+$3.50 shipping
204,"AT&T Motivate Max U668AA 6.82"" 32GB GSM Unlocked (AT&T/T-mobile) SmartPhone",$69.99,+$35.16 shipping
205,2024 New Mini Flip Mobile Phone 2 SIM Card Small Display Foldable Cel Luck,$48.99,+$34.98 shipping
206,Apple iPhone 12 64GB Factory Unlocked AT&T T-Mobile Verizon Excellent Condition,$17.31 to $17.34,+$38.67 shipping
207,NEW Samsung Galaxy S20 5G SM-G981U 12+128GB Unlocked Verizon AT&T T-Mobile,$277.95,+$29.53 shipping
208,"Motorola Edge (2023) 256GB 5G FACTORY UNLOCKED 6.6"" Smartphone - VERY GOOD",$216.99,+$32.91 shipping
209,Original Motorola Flipout MB511 Unlocked 3G WIFI QWERTY Mini-SIM Mobile Phone,$224.00,+$33.89 shipping
210,Google Pixel 7 Pro 5G 128GB Fully Unlocked - Excellent,$86.39,+$28.50 shipping
211,Apple iPhone 13 mini 128GB Factory Unlocked AT&T T-Mobile Verizon Good Condition,$355.99,Free International Shipping
212,New In Box Samsung Galaxy S22 Ultra 5G 128GB SM-S908U1 Black GSM ATT T-Mobile,$324.95,+$34.66 shipping
213,Apple iPhone XS 64GB Unlocked Smartphone - Excellent,$449.99,+$29.52 shipping
214,Apple iPhone 12 64gb 5G BLACK Smartphone (AT&T CRICKET H2O)  NEW OTHER SEALED,$164.95,+$34.09 shipping
215,Apple iPhone 11 Pro 256GB Unlocked AT&T T-Mobile Verizon Very Good Condition,$254.88,+$26.84 shipping
216,Motorola Moto Edge 2021 256GB Blue (Unlocked) Smartphone XT2141 - 9/10 Condition,$287.95,+$68.20 shipping
217,Mini New Small GSM 4G Mobile Smart Phone Dialer CellPhone Double SIM card,$129.99,+$37.67 shipping
218,Samsung Galaxy S23 FE 5G SM-S711U 128GB 8GB RAM (UNLOCKED) All Colors - PRISTINE,$26.53 to $36.39,+$36.84 shipping
219,"Open Box Motorola Moto G54 5G XT2343 256GB 8GB 6.5"" Unlocked",$339.00,+$30.38 shipping
220,Apple iPhone 12 128GB Unlocked Smartphone - Very Good,$140.00,+$35.17 shipping
221,Samsung Galaxy A03s - SM-A037U - 32GB - Black - (Boost Mobile) - EXCELLENT,$294.95,+$35.72 shipping
222,SEALED OnePlus Nord N30 5G 128GB Unlocked Smartphone (CPH2513) - Chromatic Gray,$49.00,+$39.76 shipping
223,Sony Ericsson T310 Cell Phone 2003 Blue,$219.99,+$24.08 shipping
224,Apple iPhone 13 128GB Factory Unlocked AT&T T-Mobile Verizon Very Good Condition,$49.99,Free International Shipping
225,Samsung Galaxy S20 FE SM-G781U 5G 128GB Cloud Navy Unlocked GSM CDMA Open Box,$387.95,+$22.02 shipping
226,Sealed 2007 New Firefly Glow 2G Mobile Cell Phone *Discontinued* Collectors,$169.00,+$29.23 shipping
227,Apple iPhone 12 Pro 128GB Unlocked AT&T T-Mobile Verizon Very Good Condition,$40.00,Free International Shipping
228,Apple iPhone 14 128GB Factory Unlocked AT&T T-Mobile Verizon Excellent Condition,$349.95,+$28.20 shipping
229,Samsung Galaxy S20 S20+ S20 FE S20 Ultra 5G Unlocked Verizon T-Mobile AT&T Metro,$486.95,+$40.30 shipping
230,Unlocked Luxurious Signature Bar Mobile Phone M7i Bluetooth Dial Luxury Leather,$139.95 to $339.95,+$37.43 shipping
231,Shop on eBay,$50.34 to $52.24,+$34.30 shipping
232,Shop on eBay,$20.00,+$27.32 shipping
233,Google Pixel 6 | 6a | 6 Pro - 128GB 256GB 512GB - Unlocked Verizon AT&T T-Mobile,$20.00,+$29.23 shipping
234,Google Pixel 5 | 5a - 128GB - Black | Green (Unlocked) Smartphone,$159.95 to $249.95,+$31.44 shipping
235,SHARP NTT Docomo Cell mobile Phone SH-06D Nerv Evangelion NEW,$139.95 to $179.95,+$31.79 shipping
236,Samsung Galaxy A71 5G SM-A716U - 128GB - (Unlocked) AT&T T-Mobile Metro Verizon,$439.49,+$29.53 shipping
237,New Apple iPhone 13 A2482 256GB Factory Unlocked All Mobile Carriers All Colors,$114.95 to $134.95,+$32.63 shipping
238,Apple iPhone 13 128GB Factory Unlocked AT&T T-Mobile Verizon Excellent Condition,$529.99,+$33.80 shipping
239,Apple iPhone 12 128GB Factory Unlocked AT&T T-Mobile Verizon Very Good Condition,$407.95,+$34.06 shipping
240,Wingtech Revvl 6 Pro 5G TMAF035G T-Mobile Unlocked 128GB Gray Very Good,$301.95,Free International Shipping
241,Samsung Galaxy A52 5G SM-A526U GSM Unlocked 128GB Awesome Black - OPEN BOX,$89.99,+$31.27 shipping
242,Apple iPhone SE 3rd Gen 64GB Unlocked AT&T T-Mobile Verizon Very Good Condition,$155.00,+$36.31 shipping
243,NEW Samsung Galaxy S20 5G SM-G981U 12+128GB Unlocked Verizon AT&T T-Mobile,$204.95,+$39.26 shipping
244,Samsung Galaxy A54 5G SM-A546U 128GB Black Unlocked/Verizon/Cricket - Open Box,$216.99,+$28.64 shipping
245,Samsung Galaxy S21 | S21+ Plus 5G - 128GB - Unlocked | Verizon | T-Mobile | AT&T,$159.00 to $165.00,+$28.05 shipping
246,Apple iPhone 11 - 64GB | 128GB A2111 (Unlocked CDMA + GSM) Smartphone Very Good,$179.95 to $299.95,+$52.30 shipping
247,LG G7 ThinQ LM-G710TM T-Mobile Unlocked 64GB Raspberry Rose,$194.95 to $284.95,+$28.50 shipping
248,"Triple Sim Mini Mobile Phone 1.3"" Tiny Screen Bluetooth dial Magic voice Phone",$64.99,+$40.88 shipping
249,"Motorola Edge (2023) 256GB 5G FACTORY UNLOCKED 6.6"" Smartphone - VERY GOOD",$26.59,+$32.83 shipping
250,Apple iPhone 12 Pro 256GB Unlocked AT&T T-Mobile Verizon Very Good Condition,$224.00,+$36.37 shipping
251,Apple iPhone 15 A2846 T-Mobile Only 128GB Black Good,$369.95,+$35.44 shipping
252,Motorola Moto G34 5G XT2363 128GB GSM Unlocked International Version (New),$494.99,+$35.58 shipping
253,Motorola One 5G UW Ace - 64GB Gray (T-mobile AT&T Verizon Unlocked) NEW SEALED,$134.99,+$20.99 shipping
254,Samsung Galaxy S24 Ultra 5G 512GB (T-Mobile) - Excellent,$90.00,+$30.27 shipping
255,T-Mobile Revvl 6 Pro 5G TMAF035G T-Mobile Unlocked 128GB Gray OPEN BOX,$911.99,+$27.91 shipping
256,Apple iPhone 14 Plus 128GB Unlocked AT&T T-Mobile Verizon Excellent Condition,$129.99,+$20.54 shipping
257,"NUU Mobile A6L 5.0"" Single SIM 4G LTE GSM Android",$524.95,+$26.58 shipping
258,Apple iPhone 13 mini 256GB Factory Unlocked AT&T T-Mobile Verizon Very Good,$19.00,+$56.56 shipping
259,NEW Motorola one 5G UW ace Cell Phone Volcanic Gray 64GB Verizon Prepaid,$371.95,+$33.13 shipping
260,Apple iPhone 14 A2649 T-Mobile Only 128GB Purple Good,$53.99,+$38.85 shipping
261,Samsung Galaxy S8 S8+ S9 S9+ - 64GB 128GB 256GB - Unlocked Verizon T-Mobile AT&T,$369.99,+$27.61 shipping
262,Apple iPhone 11 A2111 - 64GB - GSM Unlocked Verizon AT&T Cricket T-Mobile Metro,$88.85 to $178.85,+$60.20 shipping
263,Google Pixel 4 | 4 XL | 4a | 4a 5G - 64GB 128GB - Unlocked Verizon AT&T T-Mobile,$189.95 to $229.95,+$31.39 shipping
264,Apple iPhone 7 | 7+ Plus 32GB 128GB 256GB - Unlocked Verizon AT&T T-Mobile Metro,$99.95 to $169.95,+$29.68 shipping
265,Motorola Moto G Fast 32GB | Unlocked | XT2045 GSM Smartphone - White,$79.95 to $154.95,+$26.73 shipping
266,Samsung Galaxy J7 Star Locked For (Metro By T-Mobile) -32GB Silver-NEW !!!,$64.99,+$33.09 shipping
267,Walmart Family Mobile Motorola Moto G 5G 64GB Black Prepaid Smartphone Phone üÜï,$79.95,+$31.88 shipping
268,Panasonic G51 EB-G51 (International) PINK Cellphone GSM Vintage,$49.99,+$27.91 shipping
269,Samsung Galaxy A32 5G - 64GB - SM-A326U (Unlocked) (Single SIM) Smartphone,$89.99,+$29.49 shipping
270,New ListingApple iPhone 13 Pro Max - 512 GB - Blue (T-Mobile) (Single SIM),$94.95 to $114.95,+$25.93 shipping
271,Samsung Galaxy S21 Plus 5G - 128GB - Factory Unlocked - Excellent Condition,$325.00,+$28.93 shipping
272,Samsung Galaxy S20 | S20+ | S20 FE | S20 Ultra 5G 128GB - Unlocked Verizon AT&T,$228.00,+$32.15 shipping
273,Motorola Moto Z4 XT1980-4 Verizon Unlocked 128GB Gray Good,$149.95 to $289.95,+$35.72 shipping
274,Motorola Moto G84 5G 256GB 12GB RAM GSM Unlocked International Version New,$69.99,+$31.67 shipping
275,"Open Box Samsung Galaxy A54 5G A546E 128GB 8GB 6.4"" Unlocked",$260.99,+$26.14 shipping
276,Motorola Moto Edge 5G XT2141-1 Verizon Unlocked 256GB Blue Good,$220.00,+$28.94 shipping
277,"NEW - Verizon Prepaid Google Pixel 6A 6.1"" 128GB Prepaid Smartphone - Charcoal",$110.00,+$30.08 shipping
278,Factory Unlocked X63 MAX 32GB Triple Cam Dual SIM Worldwide Smartphone GRN,$138.95,+$7.00 shipping
279,OPPO A57s CPH2385 128GB 4GB Dual SIM GSM Factory Unlocked International Version,$42.97,+$29.43 shipping
280,Apple iPhone 12 - 64GB 128GB 256GB - All Colors - Very Good Condition,$119.99,+$28.05 shipping
281,Apple iPhone 13 128GB Unlocked Smartphone - Very Good,$254.00,Free International Shipping
282,Apple iPhone 12 Mini 64GB Unlocked Smartphone - Very Good,$374.95,Free International Shipping
283,"AT&T Motivate 4 SL112A Unlocked (AT&T/T-mobile/Verizon) 6.5"" 32GB Android 13",$212.95,+$35.56 shipping
284,NEW Samsung Galaxy S9 G960U 64GB Fully Unlocked All Carriers - All Colors,$49.99,+$37.22 shipping
285,Apple iPhone 8 Plus Factory Unlocked SmartPhone 64GB 256GB AT&T T-mobile Verizon,$144.99,+$37.08 shipping
286,New ListingSamsung Galaxy A12 - 32 GB - Black (Unlocked) (Single SIM),$158.99 to $214.99,+$34.60 shipping
287,Samsung Galaxy S10e SM-G970U 128GB Black Verizon & GSM UNLOCKED SEALED NEW OTHER,$69.99,+$34.57 shipping
288,Motorola Moto G Stylus (2021) 5G 128GB T-Mobile Cosmic Emerald - Pristine,$136.88,+$35.84 shipping
289,2024 New Mini Flip Mobile Phone 2 SIM Card Small Display Foldable Cell Phone,$115.00,+$34.41 shipping
290,Mate40 5.45in Dual-Core Dual SIM Mobile Phone 4.4.2 Android Smartphone,$36.99,+$20.84 shipping
291,Moto g stylus 5G - 2024 -128GB -Cricket Wireless,$93.75 to $99.04,+$45.01 shipping
292,HTC PRO P3600 (UNLOCKED) Windows Mobile Cell Phone Black 3G GSM - NEW IN BOX,$199.99,+$36.93 shipping
293,Samsung Anycall SGH-600C GSM Cellphone Vintage Worldwide Olympic,$34.99,+$25.99 shipping
294,Apple iPhone 12 128GB Factory Unlocked AT&T T-Mobile Verizon Excellent Condition,$29.99,+$27.88 shipping
295,Samsung Behold II SGH-T939 - Brown (T-Mobile) Smartphone,$311.95,+$32.77 shipping
296,Apple iPhone 13 - 128GB 256GB 512GB - All Colors - Excellent Condition,$40.00,+$21.73 shipping
297, Unlocked World Phone Global Mobile G1200 S Silver - NEW IN BOX CECT M188 ,$379.00 to $410.00,+$26.67 shipping
298,Samsung Galaxy A53 5G 128GB A536U T-Mobile Locked - Excellent,$44.00,+$65.54 shipping
299,Apple iPhone 14 Pro 128GB Unlocked AT&T T-Mobile Verizon Excellent Condition,$119.99,+$31.14 shipping
300,Samsung SGH-S300 Worldwide Olympic Cellphone Vintage International White - NEW,$664.95,+$19.22 shipping
301,"Cloud Mobile C7 - True Connect - UNLOCKED - Android Smart Phone,  NEW, Dual Sim",$24.99,+$29.68 shipping
302,For Verizon  Motorola Moto Edge 5G XT2141-1 256GB Nebula Blue GOOD,$44.99,+$23.49 shipping
303, OPEN BOX Samsung Galaxy S21+ PLUS 5G 128GB / 256GB SM-G996U UNLOCKED,$109.00,+$31.39 shipping
304,BlackBerry Classic Q20 SQC100-2 16GB UNLOCKED GSM 4G LTE Keyboard Smartphone,$274.95 to $299.95,+$26.12 shipping
305,Wingtech REVVL V+ 5G WTRVL5G T-Mobile Unlocked 64GB Nebula Black Very Good,$149.99,+$35.72 shipping
306,T-MOBiLE ALCATEL PiXi 4 4G LTE WALMART FAMiLY MOBiLE CELL PHONE BRAND NEW LOCKED,$67.99,+$33.81 shipping
307,Apple iPhone 11 - 64GB 128GB - Unlocked Verizon AT&T Cricket T-Mobile - Good!,$25.00,+$32.77 shipping
308,Apple iPhone 6S - 16GB | 32GB | 64GB | 128GB (Unlocked) Smartphone - Excellent,$194.95 to $284.95,Free International Shipping
309,Shop on eBay,$64.95 to $94.95,+$25.99 shipping
310,Shop on eBay,$20.00,+$39.02 shipping
311,Google Pixel 5 5G GD1YQ - 128GB - Unlocked Verizon T-Mobile AT&T Metro Cricket,$20.00,+$65.54 shipping
312,Apple iPhone 11 64GB 128GB - Unlocked Verizon AT&T Cricket T-Mobile - Excellent!,$139.95 to $184.95,+$27.32 shipping
313,Samsung Galaxy S21 Plus 5G - 128GB - Factory Unlocked - Excellent Condition,$209.95 to $304.95,+$25.00 shipping
314,Samsung Galaxy S4 S-4 SGH-M919T (Unlocked)Cell Phone AT&T T-Mobile Black,$228.00,+$33.80 shipping
315,Apple iPhone 13 128GB Unlocked Smartphone - Very Good,$49.28,+$30.12 shipping
316,"Open Box Samsung Galaxy A55 5G A556E 256GB 8GB 6.6"" Unlocked",$374.95,+$34.25 shipping
317, OPEN BOX Samsung Galaxy S21+ PLUS 5G 128GB / 256GB SM-G996U UNLOCKED,$310.00,+$31.15 shipping
318,Mate40 5.45in Dual-Core Dual SIM Mobile Phone 4.4.2 Android Smartphone,$274.95 to $299.95,+$45.60 shipping
319,"Cloud Mobile C7 - True Connect - UNLOCKED - Android Smart Phone,  NEW, Dual Sim",$93.75 to $99.04,+$28.47 shipping
320,Apple iPhone 14 128GB Factory Unlocked AT&T T-Mobile Verizon Very Good Condition,$44.99,+$32.07 shipping
321,T-MOBiLE ALCATEL PiXi 4 4G LTE WALMART FAMiLY MOBiLE CELL PHONE BRAND NEW LOCKED,$461.95,+$32.41 shipping
322,Wingtech Revvl 6 Pro 5G TMAF035G T-Mobile Unlocked 128GB Gray Very Good,$25.00,+$36.37 shipping
323,8849 Tank mini Rugged Smartphone 4.3inch 12GB+256GB Android 13 Laser Rangefinder,$89.99,+$47.94 shipping
324,Apple iPhone 11 - 64GB | 128GB A2111 (Unlocked CDMA + GSM) Smartphone Very Good,$281.19,+$40.44 shipping
325,Samsung Galaxy S10 S10e S10+ Plus 128GB 512GB - Unlocked Verizon AT&T T-Mobile,$194.95 to $284.95,+$34.96 shipping
326,T-Mobile | Samsung Galaxy S23 5G SM-S911U - 128GB - All Colors - VERY GOOD,$119.95 to $249.95,+$35.55 shipping
327,Apple iPhone X XR XS XS Max 64GB 128GB 256GB - Unlocked Verizon AT&T T-Mobile,$325.00,+$33.44 shipping
328,Apple iPhone 15 Plus 128GB Unlocked AT&T T-Mobile Verizon Very Good Condition,$169.95 to $309.95,+$31.45 shipping
329,"Motorola Moto G Stylus 5G 2021 6.8"" XT2131 128GB Green (UNLOCKED) - Open Box",$684.95,+$32.04 shipping
330,Samsung Galaxy S22 + PLUS 5G  T-MOBILE | SPRINT | METRO Smartphone -GOOD,$129.00,+$20.69 shipping
331,Apple iPhone SE 3rd Gen. 64GB Unlocked 5G Smartphone A2595 Midnight Black,$251.00,+$20.69 shipping
332,Apple iPhone 13 128GB Factory Unlocked AT&T T-Mobile Verizon Good Condition,$237.98,+$29.53 shipping
333,Samsung Galaxy S24 Ultra 5G S928U 256GB All Colors (T-Mobile) - VERY GOOD,$371.95,+$33.22 shipping
334,Apple iPhone 14 256GB Factory Unlocked AT&T T-Mobile Verizon Very Good Condition,$789.00,+$28.55 shipping
335,Motorola Razr Plus (2023) - T-Mobile 256GB Viva Magent - Good,$509.95,+$28.94 shipping
336,Apple iPhone 12 Pro 128GB Unlocked Smartphone - Excellent,$349.00,+$33.65 shipping
337,Apple iPhone SE 3rd Gen 128GB Unlocked AT&T T-Mobile Verizon Very Good Condition,$368.95,+$30.86 shipping
338,- EXCELLENT - Samsung Galaxy S21 5G 128GB G991U Network Unlocked,$272.95,+$26.58 shipping
339,Samsung Galaxy S21 S21+ S21 Ultra 5G 128GB 256GB Unlocked Verizon T-Mobile Good!,$229.95,+$27.33 shipping
340,Samsung Galaxy A71 5G - 128GB - (Unlocked) Verizon AT&T T-Mobile Metro Cricket,$179.95 to $259.95,+$29.68 shipping
341,Samsung Galaxy A42 5G A426U 128GB - Unlocked Verizon T-Mobile AT&T Metro Cricket,$114.95 to $134.95,+$21.73 shipping
342,Apple iPhone 8 | 8+ Plus 64GB 128GB 256GB GSM Unlocked AT&T T-Mobile Metro Good!,$99.95 to $114.95,+$36.20 shipping
343,Samsung Galaxy S22 5G - 256GB - Factory Unlocked - Very Good Condition,$109.95 to $219.95,+$31.15 shipping
344,"LG Q7 Plus| Metro by T-mobile Unlocked SmartPhone-64GB | 5.5"" Display-Blue (NEW)",$289.99,+$34.97 shipping
345,NEW Samsung Galaxy S9 G960U 64GB Fully Unlocked All Carriers - All Colors,$107.00,+$36.19 shipping
346,Samsung Galaxy S20 Ultra G988U 5G Verizon GSM Unlocked T-Mobile 128GB/512GB OB,$144.99,+$3.50 shipping
347,Apple iPhone X | XR | XS | XS Max - 64GB 128GB 256GB - Verizon GSM Unlocked AT&T,$279.95,+$35.86 shipping
348,T-Mobile REVVL 4+ Plus 5062Z 64GB LTE Locked for  MetroPCS Smartphone Open Box,$124.95 to $299.95,+$28.05 shipping
349,Samsung Galaxy S22 | S22+ Plus 5G - 128GB 256GB - Unlocked Verizon T-Mobile AT&T,$64.99,+$37.49 shipping
350,Apple iPhone 7 | 7 Plus - 32GB | 128GB | 256GB (Unlocked) AT&T Verizon T-Mobile,$249.95 to $409.95,+$28.64 shipping
351,BlackBerry Classic Q20 SQC100-2 16GB UNLOCKED GSM 4G LTE Keyboard Smartphone,$89.95 to $184.95,+$31.89 shipping
352,"CLOUD Mobile Stratus C7 5.5"" 16GB+2GB RAM WiFi+LTE  Tru Connect Lifeline",$149.99,+$30.56 shipping
353,New ListingOpen Box Apple iPhone SE 3rd Gen 2022 RED 64GB 5G UNLOCKED iOS Smartphone,$23.99,+$32.01 shipping
354,Moto G Power 5G 2024 - 128GB -Metro PCS,$219.99,+$15.00 shipping
355,Apple iPhone 13 128GB Unlocked Smartphone - Excellent,$179.99,+$43.89 shipping
356,Original Nokia N Series N96 Mobile Phones Unlocked GSM/3G WIFI GPS 16GB 5MP JAVA,$390.95,+$32.85 shipping
357,Apple iPhone 11 Pro Max 256GB Unlocked AT&T T-Mobile Verizon Excellent Condition,$63.48,+$25.98 shipping
358,ZTE Blade V60 Smart 256GB 6.06 Display Factory Unlocked Android Cell phone BK,$354.95,+$27.01 shipping
359,Samsung Galaxy S24 5G 128GB SM-S921U (T-MOBILE) Excellent,$114.87,+$28.28 shipping
360,OnePlus 8 5G IN2017 T-Mobile Unlocked 128GB Silver Good,$435.00 to $449.00,+$31.73 shipping
361,Apple iPhone 12 Mini 128GB Unlocked Smartphone - Very Good,$134.99,+$7.00 shipping
362,NEW REVVL 7 5G - Sealed box - T-Mobile Locked,$244.95,+$3.50 shipping
363,T-MOBILE - Samsung Galaxy S22 5G SM-S901U 128GB Green 8K Camera 6.1'' - OPEN BOX,$175.00,+$35.42 shipping
364,Qin F21 pro Touch screen button mobile WIFI GPS Bluetooth 4G mobile 3+32 4+64,$249.00,+$28.17 shipping
365,Apple iPhone 15 128GB Unlocked Smartphone - Excellent,$140.00 to $160.00,+$27.16 shipping
366,Apple iPhone 12 64GB Factory Unlocked AT&T T-Mobile Verizon Good Condition,$651.95,+$31.00 shipping
367,NEW Motorola Moto E5 16gb (Walmart Family Mobile) Android,$252.95,+$30.76 shipping
368,"New & Sealed Motorola Moto G Play, 32GB, Navy Blue - Verizon Prepaid Smartphone",$19.99,+$29.44 shipping
369,"Mint Mobile Samsung Galaxy A13 5G 6.5"" 64GB 4GB RAM - Black Sealed",$54.95,+$1.00 shipping
370,Apple iPhone SE 3rd Gen 64GB Unlocked AT&T T-Mobile Verizon Excellent Condition,$98.00,+$27.52 shipping
371,New ListingSamsung Galaxy A12 - 32 GB - Black (Unlocked) (Single SIM),$214.95,+$27.75 shipping
372,Nokia N97 Mini Original Unlocked Phone 3G WIfi GPS 8GB Symbian Smartphone QWERTY,$69.99,+$28.76 shipping
373,Apple iPhone 11 Pro Max 256GB Unlocked AT&T T-Mobile Verizon Very Good Condition,$69.00,+$27.26 shipping
374,New Samsung Galaxy A32 5G SM-A326U - 64GB - Black (Boost Mobile),$339.95,+$28.93 shipping
375,Motorola Moto G PURE 32GB Blue Prepaid Smartphone NEW SEALED-Metro PCS,$119.00,+$31.59 shipping
376,"Samsung Galaxy A54 5G A546U 128GB Black 6.4"" Unlocked/Verizon/Cricket - PRISTINE",$59.95,+$29.23 shipping
377,Motorola Moto G54 5G XT2343 256GB 8GB RAM GSM Unlocked International Version New,$149.99 to $214.99,+$22.61 shipping
378,"Samsung Galaxy NOTE 20 128GB 5G T-MOBILE | METRO | SPRIN  6.7"" Smartphone - GOOD",$181.99,+$19.36 shipping
379,New Sealed--BlackBerry Classic Q20 16GB+2GB RAM Unlocked LTE Qwerty Keyboard,$162.00,+$29.23 shipping
380,Apple iPhone 7 - 32GB 128GB 256GB - All Colors - Good Condition,$105.00 to $135.00,+$64.02 shipping
381,UNLOCKED - Motorola Moto G Play (2023) | XT2271DL 32GB | Navy Blue | Brand New,$76.00 to $97.00,+$43.80 shipping
382,FULLY UNLOCKED ‚≠ê Samsung Galaxy A42 5G 128GB Black ‚≠ê  THANKSGIVING SALES,$79.99,Free International Shipping
383,Samsung Galaxy A13 4G SM-A135U 32GB Fully Unlocked (AT&T/T-mobile/Verizon),$139.00,+$65.54 shipping
384,"Open Box Samsung Galaxy A15 A155M 128GB 6GB 6.5"" Unlocked",$87.99,+$26.28 shipping
385,Apple iPhone 11 - 64GB | 128GB (Unlocked) A2111 (CDMA + GSM) All Colors,$120.00,+$40.15 shipping
386,Google Pixel 5 | 5a - 128GB - Black | Green (Unlocked) AT&T Verizon T-Mobile,$194.95 to $299.95,+$20.69 shipping
387,Shop on eBay,$139.95 to $179.95,+$1.00 shipping
388,Shop on eBay,$20.00,+$17.51 shipping
389,Samsung Galaxy A53 5G 128GB Black SM-A536 Unlocked T-Mobile Verizon Xfinity,$20.00,+$29.52 shipping
390,Samsung Galaxy S7 & S7 edge 32GB - GSM Unlocked AT&T T-Mobile Verizon Cricket,$179.99 to $219.99,+$28.05 shipping
391,Google Pixel 5 | 5a - 128GB - Black | Green (Unlocked) AT&T Verizon T-Mobile,$69.95 to $94.94,+$29.68 shipping
392,Samsung Galaxy S4 S-4 SGH-M919T (Unlocked)Cell Phone AT&T T-Mobile White,$139.95 to $179.95,+$30.55 shipping
393,Apple iPhone 15 128GB Factory Unlocked AT&T T-Mobile Verizon Very Good Condition,$41.38,+$30.41 shipping
394,SHARP SH-06G AQUOS Android Mobile Flip Phone DOCOMO Unlocked White,$623.95,+$200.09 shipping
395,T-MOBiLE ALCATEL PiXi 4 4G LTE WALMART FAMiLY MOBiLE CELL PHONE BRAND NEW LOCKED,$115.41,+$46.72 shipping
396,Unlocked Phone 4G LTE | Finger Print Android 11  | 2022 Model,$25.00,Free International Shipping
397,Apple iPhone 15 5G 128GB Pink (T-Mobile) Smartphones - Grade A,$29.99,Free International Shipping
398,Samsung Galaxy A71 5G - 128GB - (Unlocked) Verizon AT&T T-Mobile Metro Cricket,$525.00,Free International Shipping
399,"Nokia 215 Dual SIM 4G LTE FM radio Bluetooth 2.4"" 128MB 64MB RAM Mobile Phone",$114.95 to $134.95,+$32.92 shipping
400,nextel i860 Cell Phone Walkie Talkies For Parts Boost Mobile ,$45.68,+$40.14 shipping
401,moto g STYLUS 5G metro By T-Mobile 5G Smart Phone NEW,$60.00,+$20.25 shipping
402,Google Pixel 4 | 4 XL | 4a  - 64GB | 128GB - (Unlocked) AT&T T-Mobile Verizon ,$139.99,+$28.93 shipping
403,Google Pixel 6 | 6a | 6 Pro - 128 GB (Unlocked) Smartphone - All Colors,$94.95 to $164.94,+$40.46 shipping
404,"New Boxed Samsung Galaxy S8 G950U SM-G950U Factory Unlocked 5.8"" 64GB Smartphone",$134.95 to $249.95,+$1.00 shipping
405,"Open Box Samsung Galaxy A25 5G A256E 128GB 6GB 6.5"" Unlocked",$174.88,+$5.99 shipping
406,Apple iPhone 12 - 64 GB - Black (T-Mobile) (Dual SIM (SIM + eSIM)),$170.00,+$20.69 shipping
407,Apple iPhone 15 256GB Factory Unlocked AT&T T-Mobile Verizon Excellent Condition,$102.50,+$28.00 shipping
408,A176 docomo FOMA N702iD Black Mobile Phone,$200.00,+$29.44 shipping
409,NEW in Box Samsung Galaxy S20+ PLUS G986U 128/256GB Unlocked GSM+CDMA All Colors,$722.95,+$29.46 shipping
410,"(Unlocked) Huawei P20 EML-L29 Global Version Google 128GB+4GB Android 5.8"" Phone",$94.38,+$3.99 shipping
411,Apple iPhone 12 64GB 128GB - Unlocked Verizon AT&T Cricket T-Mobile - Good!,$217.55 to $236.55,+$33.65 shipping
412,Apple iPhone 14 Plus 128GB Unlocked AT&T T-Mobile Verizon Very Good Condition,$100.00,+$27.52 shipping
413,Motorola Moto G Play 2024 XT2413-2 64GB Blue  (CDMA + GSM Unlocked),$279.95,+$33.83 shipping
414,"TCL 10 Pro T799B 6.47"" 128GB 64MP GSM Factory Unlocked Smartphone Open Box",$499.95,+$38.93 shipping
415,Samsung Galaxy S Blaze 4G T-Mobile 4G LTE Brand NEW,$99.95,+$28.02 shipping
416,New Sealed--BlackBerry Classic Q20 16GB+2GB RAM Unlocked LTE Qwerty Keyboard,$119.99,+$27.61 shipping
417,Smartphone Dual Sim Android System 10.0 4G Mobile Cell Phone+Headset Fashion,$105.00,+$33.42 shipping
418,Samsung Galaxy S10e - 128GB 256GB - Unlocked Verizon AT&T T-Mobile - Excellent!,$105.00 to $135.00,+$27.76 shipping
419,New Motorola Moto G Stylus 5G 2022 128GB XT2215-4 T-Mobile Phone GSM Unlocked,$58.47,+$32.27 shipping
420,"Samsung Galaxy NOTE 20 128GB 5G T-MOBILE | METRO | SPRIN  6.7"" Smartphone - GOOD",$114.95 to $154.95,+$29.85 shipping
421,"Brand New Motorola Moto G54 5G XT-2343 128GB 8GB 6.5"" Unlocked",$112.99,Free International Shipping
422,Original Nokia 7370 Bluetooth 1.3MP 2G Unlocked GSM 900/1800/1900 Mobile Phone,$162.00,+$22.88 shipping
423,Samsung Galaxy S20 Ultra G988U 5G Verizon GSM Unlocked T-Mobile 128GB/512GB OB,$162.77,Free International Shipping
424,Apple iPhone 7 - 32GB 128GB 256GB - All Colors - Good Condition,$50.64,+$30.27 shipping
425,"Brand New Samsung Galaxy A35 5G A356E 128GB 8GB 6.6"" Unlocked",$279.95,+$34.52 shipping
426,"NEW Cloud Mobile Stratus C7 16GB - Black (TruConnect) (Dual SIM) 5.5"" ",$76.00 to $97.00,Free International Shipping
427,Motorola Moto G Power (2023) 128GB XT2311 5G Unlocked -,$285.89,+$36.90 shipping
428,UMIDIGI A11 Smartphone 4GB + 128GB Factory Unlocked Mobile Phones Android GSM,$20.99,+$27.55 shipping
429,Samsung Galaxy S21+ Plus 5G SM-G996U 128/256GB Unlocked  AT&T T-Mobile Verizon,$114.00,+$37.12 shipping
430,‚≠ê VERIZON ‚≠ê Motorola One 5G UW - 128GB - Oxford Blue Verizon ‚≠ê EXCELLENT ‚≠ê,$100.03,+$28.73 shipping
431,"NEW Motorola Edge (2023) 256GB 5G FACTORY UNLOCKED 6.6"" Smartphone",$259.99 to $296.88,+$11.90 shipping
432,NEW Samsung Galaxy S10e G970U 128 / 256GB AT&T T-Mobile Verizon Factory Unlocked,$105.00,+$41.33 shipping
433,Sharp Aquos H-06G Blue Green Docomo Flip Phone Unlocked Tested Good,$258.00,+$160.07 shipping
434,New S21 Ultra Smartphone Android 6.3 Inch 12GB+512GB - Multiple Colors,$176.00 to $224.99,+$30.11 shipping
435,Motorola Moto G Stylus 5G 2023 XT2315 128GB Fully Unlocked Black Retail box New,$72.18,+$11.90 shipping
436,Samsung Note 10 | 10+ Plus - 256GB - T-Mobile/Verizon/AT&T Or Unlocked - GOOD,$155.88,+$30.56 shipping
437,Apple iPhone 12 64gb 5G BLACK Smartphone (Verizon & GSM UNLOCKED) NEW OTHER BOX,$145.00,Free International Shipping
438,Lot of Original iPhone 2G 1st Gen 4GB 8GB 16GB mobile phone,$169.99 to $239.99,+$28.79 shipping
439,Google Pixel 7 Pro 5G 512GB Factory Unlocked- Excellent,$309.55,+$11.90 shipping
440,New BLU G73 6.8'' Display 4G LTE Factory Unlocked Dual SIM Android Cell Phone OR,"$23.00 to $1,462.00",Free International Shipping
441,Motorola Moto G Stylus 5G Metro by T-Mobile Cell Phone 128GB Green,$414.99,+$11.90 shipping
442,Samsung Galaxy A15 5G SM-A156U Unlocked (Any Carrier) 128GB SmartPhone,$97.87,+$33.81 shipping
443,Fujitsu Docomo F-04D Silver Flip Phone Mobile Communication Confirmed Japanese F,$89.99,+$26.64 shipping
444,(T-MOBILE) Samsung Galaxy S24 Plus SM-S926U - 256GB - All Colors - VERY GOOD,$137.99,+$29.82 shipping
445,"LG VELVET 5G (T-MOBILE) CLEAN ESN, WORKS, PLEASE READ!! 60251",$73.08,+$27.17 shipping
446,Apple iPhone SE 2nd Gen 256GB Unlocked AT&T T-Mobile Verizon Very Good Condition,$565.00,+$25.78 shipping
447,Docomo Foma Raku Phone F882Ies Dg2586 Fujitsu Flip Mobile Simple Operation Check,$66.95,+$30.27 shipping
448,"New CAT S62 Factory Unlocked GSM + CDMA 4G Rugged 128GB Android 5.7"" Smartphone",$159.95,Free International Shipping
449,Full working MOTOROLA V998 Black unlocked 2G networks Vintage mobile phone,$44.76,+$26.57 shipping
450,OnePlus NORD N30 5G CPH2515 T-Mobile Only 128GB Gray Good,$199.99,+$30.41 shipping
451,New ListingKyocera Au Mobile Phone Ky006 Japan Flip Phone Garakei Keitai Retro phone,$64.00,+$34.99 shipping
452,Unihertz Jelly 2 World's Smallest Android 10 4G Smartphone 6GB+128GB Jelly2,$139.99,+$32.33 shipping
453,Docomo F-02C Black Fujitsu Mobile Japanese Flip Phone Keitai Garakei Retro,$36.17,+$27.61 shipping
454,"Open Box Samsung Galaxy A55 5G A556E 256GB 8GB 6.6"" Unlocked",$170.89,+$39.35 shipping
455,Motorola One 5G Ace XT2113 - 64GB - Volcanic Gray Unlocked - Very Good Condition,$82.88,+$31.45 shipping
456,OnePlus 8 5G IN2017 T-Mobile Only 128GB Interstellar Glow NEW IN BOX,$310.00,+$30.55 shipping
457,"Boost Mobile Celero (2024) 5G, 50MP Dual Camera Prepaid Smartphone - New Sealed",$66.99,Free International Shipping
458,"NEW ZTE Cymbal 2 (2022) 8GB | 4G LTE FACTORY UNLOCKED 2.8"" FLIP PHONE",$149.99,+$11.90 shipping
459,Samsung Galaxy S20 5G G981U 128GB GSM Unlocked AT&T  T-Mobile GSM Excellent,$84.88,+$27.40 shipping
460,Kyocera TORQUE G04 KYV46 - Rugged Black SIM-Free Android Mobile Phone from Japan,$38.00,+$30.76 shipping
461,NEW Verizon Motorola Moto E 32GB Prepaid Smartphone With 6.2‚Äù Max Vision Display,$189.99,+$30.56 shipping
462,"Brand New Motorola Moto G24 Power XT-2425 256GB 8GB 6.56"" Unlocked",$115.25,+$30.27 shipping
463,NEW Apple iPhone 11 Pro A2160 (CDMA + GSM)  AT&T T-Mobile Verizon UNLOCKEDüîì,$39.95,+$29.82 shipping
464,Samsung Galaxy Note 10 | Note 10+ Plus 256GB - (Unlocked) Verizon T-Mobile AT&T,$169.99,+$26.57 shipping
465,Shop on eBay,$349.99,+$29.15 shipping
466,Shop on eBay,$259.95 to $279.95,Free International Shipping
467,Apple iPhone 8 64GB (T-mobile ONLY) GRAY & SILVER (EXCELLENT),$20.00,+$25.56 shipping
468,NEW Apple iPhone 13 A2482 (GSM + CDMA)  Factory UNLOCKEDüîì ALL COLORS & CAPACITY,$20.00,+$29.68 shipping
469,Apple iPhone 11 - 64GB | 128GB (Unlocked) A2111 (CDMA + GSM) Smartphone,$99.99,Free International Shipping
470,"New Boxed Samsung Galaxy S8 G950U SM-G950U Factory Unlocked 5.8"" 64GB Smartphone",$497.88 to $619.99,+$26.52 shipping
471,A176 docomo FOMA N702iD Black Mobile Phone,$189.95 to $294.95,+$28.64 shipping
472,Docomo F-02C Black Fujitsu Mobile Japanese Flip Phone Keitai Garakei Retro,$174.88,+$26.14 shipping
473,"New & Sealed - Boost Mobile Samsung A13 LTE 32GB, Black - Prepaid Smartphone",$94.38,+$32.33 shipping
474,Motorola Moto G54 5G XT2343 256GB 8GB RAM GSM Unlocked International Version New,$82.88,+$28.79 shipping
475,"New CAT S62 Factory Unlocked GSM + CDMA 4G Rugged 128GB Android 5.7"" Smartphone",$67.95,+$23.20 shipping
476,Google Pixel 6 | 6a | 6 Pro - 128 GB (Unlocked) AT&T Metro T-Mobile - Excellent,$181.99,+$32.71 shipping
477,OnePlus 8 5G IN2017 T-Mobile Only 128GB Interstellar Glow NEW IN BOX,$199.99,+$3.99 shipping
478,NEW Verizon Motorola Moto E 32GB Prepaid Smartphone With 6.2‚Äù Max Vision Display,$169.95 to $249.95,+$26.40 shipping
479,Samsung Galaxy S20 5G SM-G981U Unlocked 128GB Smartphone - Good Condition,$149.99,+$29.23 shipping
480,Unlocked SOYES XS14 Super Mini Mobile Phone 4G LTE 3GB 64GB Android Quad Core,$39.95,+$7.00 shipping
481,Samsung Galaxy S22 | S22+ 5G 128GB 256GB Unlocked Verizon T-Mobile AT&T Cricket,$151.99,+$29.70 shipping
482,Samsung Galaxy S8 & S8+ Plus 64GB - Unlocked T-Mobile AT&T Verizon Metro Sprint,$72.19 to $90.24,+$28.56 shipping
483,Kyocera TORQUE G04 KYV46 - Rugged Black SIM-Free Android Mobile Phone from Japan,$249.95 to $389.95,+$29.52 shipping
484,"Motorola Moto G Play (2024), 64GB Black - (Straight Talk) Prepaid Smartphone",$84.95 to $169.95,+$163.07 shipping
485,New S23 Ultra Unlocked Android 13 Smartphone 128GB Dual SIM Mobile Phone 6800mAh,$115.25,+$26.64 shipping
486,Sony Xperia XA1 White G3123 32gb Cell Phone locked **NEW IN BOX**,$62.88,+$7.00 shipping
487,Samsung Galaxy Note 10 | Note 10+ Plus 256GB - (Unlocked) Verizon T-Mobile AT&T,$109.99,+$31.88 shipping
488,OnePlus NORD N30 5G CPH2515 T-Mobile Only 128GB Gray Good,$49.99,+$28.61 shipping
489,Apple iPhone SE 3rd Gen  - A2595 - 64GB | 128GB | 256GB (Unlocked) Smartphone,$259.95 to $279.95,+$30.41 shipping
490,Infinix Note 40 pro Factory Unlocked GSM 4G LTE 256GB Memory Cell Phone GD,$139.99,Free International Shipping
491,"Original Nokia N82 Mobile Phone 5MP Camera WIFI Mp3 3G GPS 2.4"" Unlocked Phone",$199.95,+$29.06 shipping
492,Motorola Moto E 2020 XT-2052-2PP - 32GB - Blue GSM Unlocked T-Mobile Metro,$272.97,+$33.35 shipping
493,Samsung Galaxy Note 8 SM-N950U T-Mobile Unlocked 64GB Midnight Black Good,$60.45,+$11.90 shipping
494,üì± Apple iPhone 4S 8/16/32GB - Unlocked Used Full function mobile phone IOS9üì±,$59.00,+$31.29 shipping
495,OnePlus 8 - 128GB (IN2017) Multicolor (T-Mobile) 5G Unlocked Excellent Condition,$129.99,+$34.88 shipping
496,Redmi Note 11 4G Factory Unlocked Cell Phone 128/4 GB GSM INT'L Version (CN) BL,$22.00 to $28.00,Free International Shipping
497,Apple iPhone SE 2nd Gen 128GB Unlocked AT&T T-Mobile Verizon Very Good Condition,$138.00,+$38.41 shipping
498,Motorola Moto Z4 - 128 GB - Gray (Unlocked) (Single SIM),$107.47,+$33.00 shipping
499,Motorola One 5G Ace XT2113 - 64GB - Volcanic Gray Unlocked - Very Good Condition,$139.95,+$3.99 shipping
500,üì± Apple iPhone 4 8/16/32GB - Unlocked Used Full function mobile phone IOS7 üì±,$59.99,+$26.25 shipping
501,"Open Box Samsung Galaxy A54 5G A546E 128GB 6GB 6.4"" Unlocked",$66.99,+$14.00 shipping
502,Motorola Moto Edge 5G 2022 XT2205-2 50MP 128GB Unlocked (AT&T/T-mobile/Verizon),$19.00 to $24.00,+$33.12 shipping
503,"Brand New Motorola Moto G24 Power XT-2425 256GB 8GB 6.56"" Unlocked",$220.00,+$6.00 shipping
504,New Mini Compact Dual Band Cell Phone Digital Touch Mobile Phone 2G GSM Dialer,$133.99,+$28.64 shipping
505,Samsung Galaxy A54 5G SM-A546U 128GB Black 6.4'' Unlocked AT&T TracFone - Good,$169.99,+$26.37 shipping
506,NEW Samsung Galaxy S10+ Plus G975U1 128GB Factory Unlocked GSM+CDMA All Carriers,$36.28 to $36.48,+$27.76 shipping
507,NTT Docomo Kids mobile phone HW-02C Blue Garakei Japanese Keitai Phone Retro,$145.00 to $149.00,+$31.49 shipping
508,Celero 5G Plus 7‚Äô Screen 2024 Boost Mobile 256GB,$269.88,+$29.70 shipping
509, Samsung SGH-R200 (International) Olympics Mobile Cell Phone 2001 NEW  Vintage ,$23.94,+$11.90 shipping
510,Fujitsu arrows F-03L Docomo SIM unlocked ANDROID Black mobile phone,$199.99,+$35.10 shipping
511,"Motorola ROKR E8 Black 2GB Storage 2.0"" Display 2MP Camera Keypad Mobile",$59.99,+$34.13 shipping
512,"Brand New Motorola Moto G84 XT-2347 256GB 8GB 6.5"" Unlocked",$68.00,+$3.99 shipping
513, Unlocked Original NOKIA N95 8GB Mobile Phone 3G 5MP Wifi GPS 2.8''Screen GSM,$149.90,+$37.58 shipping
514,TCL FLIP Go Unlocked Smart Flip Phone NEW,$257.99,+$43.69 shipping
515,Nokia E90 Communicator folding mobile russian english keyboard factory unlocked,$52.44,+$28.50 shipping
516,Apple iPhone 12 - 64GB - Fully Unlocked A2172 T-Mobile AT&T Verizon - GOOD,$53.99,+$11.90 shipping
517,Leica Leitz Phone 1 LP-01 Softbank Sharp 256GB Leica Silver Unlocked SIM free,$149.00,+$25.81 shipping
518,Fully Unlocked Samsung Galaxy A51 A515U Black 128GB AT&T T-Mobile Verizon - Good,$261.99,+$29.23 shipping
519,"ZTE Blade A51 factory unlocked 4G LTE, VZTE Blade 32GB/2 RAM Cell Phone GR",$349.49,+$32.92 shipping
520,"Samsung Galaxy A20 SM-A205U 6.4"" 32GB 3GB RAM (GSM Unlocked) Black - PRISTINE",$135.00,+$39.61 shipping
521,Blackberry Q10 T-Mobile As Is Cell Phone scrap part wholesale bulk,$57.97,Free International Shipping
522,Apple iPhone 12 Pro A2341 128GB For Repair Or Parts # Control 168,$105.00,+$28.31 shipping
523,Docomo Foma Raku Phone F882Ies Dg2586 Fujitsu Flip Mobile Simple Operation Check,$18.00,+$34.30 shipping
524,"Brand New Android Smartphone Unlocked, 4GB RAM / 64GB",$105.00,+$38.67 shipping
525,"Boost Mobile Celero 5G SC 64Gb/4Gb/50MP Camera Phone, Locked to Boost PrepaidüÜï",$150.00,+$25.55 shipping
526,Unlocked Original Nokia N Series N95 WIFI GPS 5MP 2.6'' WIFI MP4 3G Mobile Phone,$44.76,+$30.53 shipping
527,Cloud Mobile Stratus C5 - Gray - 16GB (TruConnect),$59.99,+$27.61 shipping
528,Apple iPhone 15 Pro A2848 T-Mobile Only 128GB Blue Titanium Good,$83.99,+$26.40 shipping
529,Moto G Stylus 5G -2023 -128GB-Cricket wireless,$45.57,+$31.15 shipping
530,Fujitsu Docomo F-04D Silver Flip Phone Mobile Communication Confirmed Japanese F,$20.00,+$30.41 shipping
531,"Total by Verizon Motorola Moto G Pure, 32GB, Blue - Prepaid Smartphone (Locked)",$644.99,+$29.70 shipping
532,Samsung Galaxy S21 5G - 128GB 256GB - All Colors - Good Condition,$129.99,+$28.25 shipping
533,Motorola Moto Edge+ (2022) XT2201-3 Factory Unlocked 512GB Cosmos Blue NEW,$73.08,+$27.17 shipping
534,T Mobile Revvl 7 Pro 5G 2024+ 256GB + Azurite Blue+ 6.78 FHD + Metro & T Mobile,$38.95,+$34.38 shipping
535,"„ÄêLowest Price Online„ÄëApple iPhone X 64G/256G- 5.8 inches, A11 processor.",$155.00,+$28.35 shipping
536,Simple Mobile Motorola Moto G Stylus 4G 128GB Black - Prepaid Smartphone,$279.99,+$62.46 shipping
537,"Samsung SM-A136DL PrePaid Family Mobile Galaxy A13 5G SM-A136U, 64GB, Black üÜï",$224.99,+$31.00 shipping
538,Asus Zenfone 9 5G AI2202 128GB 8GB Dual SIM Unlocked International Version,$103.69 to $228.19,+$34.99 shipping
539,Alcatel 5002 4G LTE Boost Mobile Unlocked,$99.00,+$32.09 shipping
540,RED HYDROGEN One - 128GB - Black GSM Unlocked (AT&T/T-mobile) SmartPhone,$64.99,Free International Shipping
541,Samsung Galaxy A14 5G SM-A415U 64GB AT&T T-Mobile MetroPCS Unlocked,$449.99,+$32.02 shipping
542,Apple iPhone 6 16GB 64GB 128GB Factory Unlocked SmartPhone AT&T T-mobile Verizon,$29.99,+$29.53 shipping
543,Shop on eBay,$198.99,+$30.80 shipping
544,Shop on eBay,$99.99 to $119.99,+$10.00 shipping
545,Samsung Galaxy S21 FE 5G SM-G990U Factory Unlocked 128GB ALL Carriers - Open Box,$58.99 to $79.99,+$30.53 shipping
546,NEW Samsung Galaxy S9 SM-G960U1 64GB GSM Factory Unlocked GSM+CDMA All Carriers,$20.00,+$44.82 shipping
547,OnePlus 8 - 128GB (IN2017) Multicolor (T-Mobile) 5G Unlocked Excellent Condition,$20.00,+$26.14 shipping
548,UMIDIGI G5 Smartphone 8+128GB Android 13 Dual SIM 5000mAh T-Mobile 4G Unlocked,$219.88,+$11.90 shipping
549,Samsung Galaxy A14 5G 64GB Black For AT&T T-Mobile Verizon Cricket Xfinity- Good,$194.88,+$33.06 shipping
550,Apple iPhone 11 Pro 64GB Black - Unlocked AT&T T-Mobile Verizon,$138.00,+$26.43 shipping
551,Latest Samsung Galaxy A15 5G 128GB Black Unlocked | T-Mobile | AT&T - VERY GOOD,$121.51,+$33.51 shipping
552,Unihertz Titan Pocket Small QWERTY Smartphone Android 11 Unlocked NFC Phone,$75.00 to $99.00,+$31.65 shipping
553,Samsung Galaxy S21 5G G991U 128GB GSM Unlocked ATT  T-Mobile Verizon Excellent,$304.49,+$8.00 shipping
554,Apple iPhone 14 A2649 US Ultra Mobile Only 128GB Blue Good,$125.00 to $145.00,+$36.46 shipping
555,NEW in Box Samsung Galaxy S20+ PLUS G986U1 12+128GB Unlocked GSM+CDMA All Colors,$279.99,+$25.81 shipping
556,LG Nexus 5X H790 32GB 2GB RAM Fingerprint 4G Unlocked Smartphone- New Sealed,$214.99,+$28.50 shipping
557,"NEW! Samsung Galaxy A35 A356U 5G 128GB GSM üîì Unlocked USA Warranty ‚úÖ 50MP 6.5""",$349.99,Free International Shipping
558,Apple iPhone X | XR | XS | XS Max - 64GB 128GB 256GB - Verizon GSM Unlocked AT&T,$226.99,Free International Shipping
559,üòçNEW & SEALED Samsung Galaxy S22 Ultra üÜöS21 Ultra 5g Factory Unlocked GSM+CDMA,$68.00,+$36.42 shipping
560,Original Motorola RAZR V3 Flip Mobile Phone 2G GSM Unlocked Cellphone Camera,$249.50,+$34.37 shipping
561,OnePlus 10 Pro - T-Mobile - 128GB 8GB - Volcanic Black - Fair,$144.95 to $309.95,+$33.95 shipping
562,NEW & LOCKED Celero 5G Plus 7‚Äô Screen 2024 Boost Mobile 256GB,$428.79 to $693.26,+$30.09 shipping
563,TCL Flip Go 4058 4058W 8GB GSM Factory Unlocked 4G LTE T-Mobile Flip Phone,$40.00,Free International Shipping
564,Sharp 831Sh Mobile Garakei Japanese Flip Phone Keitai Cell Phone,$199.00,+$37.78 shipping
565,"Samsung Galaxy S21+ Plus 5G SM-G996U 128GB 6.7"" Fully Unlocked GSM+CDMA MINT",$150.00,+$32.41 shipping
566,Motorola Droid A855 - White Black ( Verizon )  Phone Must Read,$49.95,+$26.52 shipping
567,Samsung Galaxy S23 FE 5G SM-S711U - 128 - Unlocked/T-Mobile/Xfinity - Pristine,$37.15,+$23.35 shipping
568,TECNO CAMON 30 Factory Unlocked GSM 4G LTE Android Cell Phone 256GB/8GB RAM B.Dk,$259.88,+$30.56 shipping
569,High Quality Nokia 3220 Original Unlocked GSM Cheap Good Mobile Phone,$59.99,+$11.90 shipping
570,Motorola Razr 40 Ultra Duos XT2321-3 T-Mobile Unlocked 256GB Infinite Black Good,$299.99,+$27.01 shipping
571,"Total by Verizon Motorola Moto G Pure, 32GB, Blue - Prepaid Smartphone (Locked)",$236.97,+$27.31 shipping
572,Kyocera DuraXE Epic E4830 GSM Unlocked (AT&T/T-mobile) 16GB 4G LTE Flip Phone,$14.99,+$34.88 shipping
573,SHARP SH-06G Docomo AQUOS Android Mobile Feature Flip Phone White Unlocked,$399.99,+$25.55 shipping
574,"S23 Ultra 6.8"" 8GB+256GB Smartphone Android 12 Unlocked 5G LTE Mobile Phones~NEW",$38.95,+$33.56 shipping
575,APPLE IPHONE 14 Plus (128gb)  Midnight A2632 (ESIM) T-Mobile-MetrobyT-Mobile ,$129.99,+$39.61 shipping
576,"Motorola Moto Razr 5G 2023 XT2323-5 128GB 64MP 6.9"" Unlocked (Any Carrier)",$109.22,+$1.99 shipping
577,"Open Box Samsung Galaxy A55 A556E 128GB 8GB 6.6"" Unlocked",$95.53,+$17.51 shipping
578,"Samsung Galaxy NOTE 20 128GB 5G FACTORY UNLOCKED  6.7"" Smartphone -GOOD",$121.50,+$27.31 shipping
579,98% N ew Motorola V70 Classic Unlocked GSM Rotatable Mobile Cell Phone,$729.99,+$36.93 shipping
580,Apple iPhone 13 mini 256GB Factory Unlocked AT&T T-Mobile Verizon Excellent,$328.99,+$27.88 shipping
581,Apple iPhone SE 3rd Gen. 64GB Unlocked 5G Smartphone A2595 Midnight Black,$290.00,+$18.45 shipping
582,"Motorola Moto G Play (2024), 64GB Black - (Straight Talk) Prepaid Smartphone",$184.00,+$36.41 shipping
583,Apple iPhone 8 | 8+ Plus 64GB 128GB 256GB - Unlocked Verizon AT&T T-Mobile Metro,$82.00 to $86.00,+$21.07 shipping
584,Samsung Galaxy S21 | S21+ Plus 5G 128GB - (Unlocked) Verizon T-Mobile AT&T,$419.95,+$160.07 shipping
585,Rare model Docomo N252I White Mobile  Japanese Flip Phone Keitai Garakei Retro,$237.98,+$57.15 shipping
586,AT&T Samsung A03s 4G 32GB 6.5 Inches Android Smartphone - Black,$62.88,+$94.02 shipping
587,"Open Box Motorola Moto G8 Power XT-2041 64GB 4GB 6.4"" Unlocked",$94.95 to $239.95,Free International Shipping
588, Samsung SGH-R200 (International) Olympics Mobile Cell Phone 2001 NEW  Vintage ,$179.95 to $299.95,+$63.68 shipping
589,Alcatel 5002 4G LTE Boost Mobile Unlocked,$123.26,+$31.00 shipping
590,VORTEX ZG65 PRO,$54.89,+$3.50 shipping
591,T Mobile Revvl 7 Pro 5G 2024+ 256GB + Azurite Blue+ 6.78 FHD + Metro & T Mobile,$65.00,+$31.29 shipping
592,Flip button phone for the elderly 2G foreign language mobile phone  YAN,$59.99,+$30.86 shipping
593,New ListingMotorola Razr 5G 256GB XT2071-3 3423 *For Parts and Repair*,$29.99,+$28.45 shipping
594,TCL 30 XE 5G T767W T-Mobile Unlocked 64GB Black Very Good,$39.95,+$27.46 shipping
595,Apple iPhone 14 128GB Black (T-Mobile) - Good,$224.99,+$27.22 shipping
596,Grade A! Samsung Galaxy A15 5G 128GB Black Unlocked AT&T Cricket T-Mobile,$19.86 to $22.51,+$27.40 shipping
597,Siemens CF62T T-Mobile Flip Cell Phone Super Rare- Not Tested Great Collectible,$50.00,+$27.72 shipping
598,Blackberry Leap STR100-1  16GB 8MP ( NEW In Box) Unlocked,$65.00,+$18.45 shipping
599,Motorola BM3A01 Defy Satellite Phone,$415.99,+$28.05 shipping
600,"SAMSUNG GALAXY CORE PRIME (T-MOBILE) CLEAN ESN, WORKS, PLEASE READ!! 56894",$109.00 to $135.00,+$29.18 shipping
601,Metro By T-Mobile REVVL V+ 5G 64GB Nebula Black Prepaid Smartphone - New/Sealed,$30.99,+$34.99 shipping
602,2005 Firefly GSM Mobile flyPhone Kids - Blue New Factory Sealed READ DESCRIPTION,$34.99,+$36.61 shipping
603,„ÄêFull screen„ÄëApple iPhone X 64G- Unlocked-Single SIM-Good condition-Used,$127.88,+$49.59 shipping
604,Motorola V620 Cellphone Vintage International Black,$7.74,+$35.81 shipping
605,Samsung Galaxy S20 5G SM-G981U 128GB 6.2'' All Colors (Fully Unlocked) OPEN BOX,$99.95,+$99.99 shipping
606,Original Motorola Razr V3 GSM Quad Band Flip Unlocked Old Cheap Cell Phone MP3,$67.00,+$19.22 shipping
607,Celero 5G Plus 7‚Äô Screen 2024 Boost Mobile 256GB,$103.69 to $165.59,+$23.20 shipping
608,Samsung Note 10 | 10+ - 256GB - T-Mobile/Verizon/AT&T Or Unlocked - EXCELLENT,$34.99,Free International Shipping
609,PHONE 2024 Android Cheap Cell Phone Unlocked Smartphone Dual SIM Quad Core GPS,$205.00 to $215.00,+$36.93 shipping
610,TCL  5G T779W T-Mobile Unlocked 128GB Black,$32.20,+$11.90 shipping
611,ZTE Blade A54 factory unlocked 4G LTE Android 128GB/4RAM Cell Phone BL,$199.99,+$31.00 shipping
612,OnePlus Nord N200 5G DE2118 T-Mobile Unlocked 64GB Blue Good,$169.99 to $218.99,+$30.86 shipping
613,Blu G73L 4G LTE Factory Unlocked GSM Dual SIM Android Cell Phone 64GB/2GB RAM GR,$60.90,+$18.45 shipping
614,Motorola Edge Plus   XT2061-1 Blue 256GB Verizion 56265 C Grade,$94.99,+$27.29 shipping
615,Moto Edge Plus 5G XT2201 128GB Cosmos Blue Verizon Locked,$86.87,+$63.68 shipping
616,Google Pixel 6a 5G 128GB Factory Unlocked -  Good,$67.99,+$27.61 shipping
617,SAMSUNG Galaxy S22 128 GB Purple Unlocked ALL CARRIERS Brand New Sealed,$78.97,Free International Shipping
618,Motorola Moto G Stylus 5G 2024- 128 GB - Caramel Latte (cricket Wireless),$109.99,+$28.22 shipping
619,Apple iPhone 15 Pro Max - 512 GB - Black (T-Mobile) (Single SIM),$114.99,Free International Shipping
620,"NEW SAMSUNG GALAXY NOTE 20 ULTRA 5G UNLOCKED (SM-N986U1, US Model) GSM+CDMA",$152.99,+$23.35 shipping
621,Shop on eBay,$349.99,+$27.40 shipping
622,Shop on eBay,$149.99,+$36.93 shipping
623,Samsung Galaxy S23 Ultra - 256 GB - Phantom Black (T-Mobile) - Excellent,$590.00,+$29.18 shipping
624,Apple iPhone 6S 16GB 32GB 64GB 128GB Unlocked Verizon AT&T T-Mobile - Excellent!,$377.77 to $699.99,Free International Shipping
625,Samsung Galaxy S21 S21+ S21 Ultra 5G 128GB 256GB 512GB Unlocked Verizon T-Mobile,$20.00,+$21.84 shipping
626,"2023 Reno10 Pro+ Smartphone 5.5"" 16GB+1TB Android Factory Unlocked Mobile Phone+",$20.00,Free International Shipping
627,Apple iPhone 14 128GB Black (T-Mobile) - Good,$639.99,+$20.54 shipping
628,Rare model Docomo N252I White Mobile  Japanese Flip Phone Keitai Garakei Retro,$64.95 to $94.95,+$31.29 shipping
629,Samsung Galaxy S20 5G SM-G981U 128GB 6.2'' All Colors (Fully Unlocked) OPEN BOX,$179.95 to $279.95,+$37.32 shipping
630,Samsung Note 10 | 10+ - 256GB - T-Mobile/Verizon/AT&T Or Unlocked - EXCELLENT,$72.99,+$33.01 shipping
631,Motorola Edge Plus   XT2061-1 Blue 256GB Verizion 56265 C Grade,$415.99,+$43.09 shipping
632,Infinix Smart 8 Factory GSM Factory Unlocked 64GB Internal Memory Cell Phone BK,$123.26,+$28.05 shipping
633,Motorola V620 Cellphone Vintage International Black,$205.00 to $215.00,Free International Shipping
634,TCL 10 Plus 64GB Factory Unlocked GSM SIM Smartphone + 3 Free Months Service,$169.99 to $218.99,Free International Shipping
635,Fujitsu arrows F-03L Docomo SIM unlocked ANDROID Black mobile phone,$109.99,+$39.61 shipping
636,Samsung Galaxy A15 5G 128GB (Metro by T-Mobile) BLUE BLACK,$88.97,+$34.68 shipping
637,Disney Mobile Docomo DM-01H 16GB Sim sparkle pink cute Kawaii Body Only,$34.99,+$27.88 shipping
638,Apple iPhone 8 | 8+ Plus 64GB 128GB 256GB - Unlocked Verizon AT&T T-Mobile Metro,$99.99,+$215.07 shipping
639,OnePlus Nord N200 5G DE2118 T-Mobile Unlocked 64GB Blue Good,$68.00,+$27.04 shipping
640,Samsung SGH-E630C Cell Phone GSM Black 2004 Olympics Partner Worldwide,$129.95,+$9.99 shipping
641,Google Pixel 6a 5G 128GB Factory Unlocked -  Good,$91.36,+$37.49 shipping
642,„ÄêFull screen„ÄëApple iPhone X 64G- Unlocked-Single SIM-Good condition-Used,$94.95 to $239.95,+$28.20 shipping
643,MOTOROLA C975 vintage rare phone mobile,$67.99,+$29.68 shipping
644,„ÄêLowest Price Online„ÄëApple iPhone 12 64G/128G- 6.1-inch screen-A14-Good quality.,$24.99,Free International Shipping
645,Apple iPhone 8 | 8 Plus 64GB 128GB 256GB GSM Unlocked ATT T-Mobile Cricket Metro,$152.99,+$25.99 shipping
646,OnePlus 8T + 5G KB2007 T-Mobile Only 256GB Aquamarine Green NEW IN BOX,$103.69 to $165.59,+$8.00 shipping
647,T-Mobile Samsung Galaxy Z Flip 5 SM-F731U 256GB 6.7'' Gray Mint - Very Good,$29.00,+$34.45 shipping
648,New ListingNEW Boost Mobile Schok Flip QualityOne 8GB Prepaid Phone Black Brand New,$149.69 to $374.59,+$26.12 shipping
649,New ListingGoogle Pixel 8 256GB Factory Unlocked Black - Factory Sealed - NEW!,$94.95 to $239.95,Free International Shipping
650,Moto Edge Plus 5G XT2201 128GB Cosmos Blue Verizon Locked,$199.99,+$31.56 shipping
651,"NEW Reno10 Pro+ Smartphone 7.3"" 16GB+1TB Android Factory Unlocked Mobile Phone",$429.00,+$28.05 shipping
652,NEW UNLOCKED SAMSUNG GALAXY S20+ PLUS 5G 128/256GB SM-G986U1 GSM+CDMA All COLORS,$27.99,+$72.70 shipping
653,T Mobile Revvl 7 Pro 5G 2024+ 256GB + Azurite Blue+ 6.78 FHD + Metro & T Mobile,$599.99,+$28.64 shipping
654,Moto g 5G - 2024-128Gb-Metro PCS,$114.99,+$30.13 shipping
655,UNLOCKED-Motorola Moto G Stylus 5G - 128GB - Steel Blue- 2022 Excellent,$122.99,+$2.99 shipping
656,Motorola T-Mobile Sidekick Slide (Q700) 12MB - Red QWERTY Cell Phone New,$216.60 to $234.65,+$2.99 shipping
657,"Boost Mobile TCL 30XE 5G 64 GB Black Prepaid Smartphone 6.5"" HD+ 13MP Brand New",$224.99,+$2.00 shipping
658,"New Smartphone 7.3"" 4+64GB Android Factory Unlocked Mobile Phones",$169.99,+$36.61 shipping
659,Apple iPhone 13 - 128 GB - Black (T-Mobile) (Dual SIM (SIM + eSIM)),$109.00,+$33.56 shipping
660,"Samsung Galaxy A14 5G 64GB Black 6.6"" 4GB RAM (T-Mobile) Smartphone - Pristine",$73.59,+$11.90 shipping
661,Apple iPhone 11 A2111 Boost Mobile Only 64GB Red Good,$56.00,+$32.18 shipping
662,90% N ew iOS 6 FULL working Apple iPhone 5 16GB unlcoked Black /Silver mobile,$34.90 to $139.00,+$15.00 shipping
663,"Walmart Family Mobile TCL A1 Quad-Core Processor 4G-LTE 5.5""  Prepaid Smartphone",$410.00,+$9.99 shipping
664,üì± Apple iPhone 4S 8/16/32GB - Unlocked Used Full function mobile phone IOS6üì±,$95.00,+$31.59 shipping
665,Apple iPhone 11 Pro Max 64GB Unlocked AT&T T-Mobile Verizon Excellent Condition,$169.99,+$32.27 shipping
666,Tracfone Motorola C139 Cellphone NEW SEALED ***FREE SHIPPING***  Prepaid,$49.00 to $59.00,+$30.27 shipping
667,Nokia 8210 old keyboard phone unlocked for all network mobile phone,$45.00,+$25.53 shipping
668,üî•New Palm Phone PVG100 Small Premium FACTORY UNLOCKED 32GB Android Smartphone,$23.00 to $31.00,+$27.31 shipping
669,New & Sealed - Boost Mobile Celero 5G SC PREPAID 64Gb/4Gb/50MP Smartphone,$306.95,+$18.50 shipping
670,Sonim XP8 XP8800 - 64GB (Unlocked) Dual SIM Rugged Smartphone - NEW!,$24.79,+$31.09 shipping
671,New S23 Ultra Unlocked Android 13 Smartphone 128GB Dual SIM Mobile Phone 6800mAh,$27.00,+$28.63 shipping
672,Motorola Devour A555 - Silver and Black ( Verizon ) Rare Smartphone NEW,$209.00,+$34.23 shipping
673,Original Nokia E72 5MP Camera 3G WIFI UNLOCKED QWERTY Keyboard MP3 Mobile Phone,$89.95,+$5.50 shipping
674,"Original Unlocked Nokia N8 N8-00 12MP 16GGB MP3 WIFI 3G 3.5"" AMOLED Mobile Phone",$75.00,+$29.97 shipping
675,Genuine Mobile 2005 Nokia 1100 Black - Hungary,$109.99,+$42.94 shipping
676,Motorola Moto G Stylus 5G 2024- 128 GB - Caramel Latte (cricket Wireless),$49.95,+$11.90 shipping
677,VORTEX ZG65 PRO,$37.90,+$29.82 shipping
678,NEC Docomo Mobile N905I Japanese Keitai Garake Flip Phone Retro Cell Phone,$77.15,+$29.23 shipping
679,NEW Sealed in Box Apple iPhone 8 Plus - 256 GB - Gold (Unlocked) Smartphone ,$45.00,+$27.90 shipping
680,QIN F22 Pro unlocked smart button small mobile phone touch screen 4GB+64GB,$149.99,+$28.22 shipping
